id,model,dataset,question,gold,a0_extracted,a1_extracted,a0_full_text,a1_full_text,lenient_y1,category
gsm8k-test-759,Qwen2.5-7B-Instruct,gsm8k,"The number of songs in a playlist is 300. If John has 20 such playlists, and each song is 10 hours long, how many hours will the 20 playlists last in total?",60000,60000,1000,"Step 1: Calculate the total number of songs in 20 playlists.
- Each playlist has 300 songs.
- John has 20 playlists.
- Total number of songs = 300 songs/playlist * 20 playlists = 6000 songs.

Step 2: Calculate the total duration of the songs in hours.
- Each song is 10 hours long.
- Total duration = 6000 songs * 10 hours/song = 60000 hours.

Final answer: 60000","Step 1: Calculate the total number of songs in 20 playlists.
- Each playlist has 300 songs.
- John has 20 playlists.
- Total number of songs = 300 songs/playlist * 20 playlists = 6000 songs.

Step 2: Calculate the total duration of the songs in hours.
- Each song is 10 minutes long, not 10 hours.
- Total duration = 6000 songs * 10 minutes/song = 60000 minutes.

Step 3: Convert the total duration from minutes to hours.
- 1 hour = 60 minutes.
- Total duration in hours = 60000 minutes / 60 minutes/hour = 1000 hours.

Final answer: 1000",False,
5ae361605542994393b9e69b,Qwen2.5-7B-Instruct,hotpotqa,The facility where Robert Croft worked as a navy instructor was also known as?,"""Home of the Submarine Force""",Home of the Submarine Force,15,"Let's approach this step-by-step:

1. We need to identify the facility where Robert Croft worked as a navy instructor.
2. From the information provided, we learn that Robert Croft was a US Navy diving instructor in 1962.
3. The paragraph also mentions that he worked at the US Naval Submarine Base New London submarine school in Groton, Connecticut.
4. We need to find an alternative name for this facility.
5. Looking through the provided paragraphs, we find the relevant information in the ""Naval Submarine Base New London"" section.
6. It states that Naval Submarine Base New London is also known as the ""Home of the Submarine Force"".

Therefore, the facility where Robert Croft worked as a navy instructor was also known as the ""Home of the Submarine Force"".

Final answer: Home of the Submarine Force","Let's review the previous answer carefully:

1. We identified that Robert Croft worked as a US Navy diving instructor in 1962.
2. We found that he worked at the US Naval Submarine Base New London submarine school in Groton, Connecticut.
3. We then looked 1969.

 The second squadron to use the designation was VF established as Fighter Squadron 111"" on 1 May 19 12 May 1944, was redesignated VFNAT Squadron 11"" on 11 on 1 May 1949, and was redesigned to VF Fighter Squadron 3VFWTU-P) on 1 July 1956, and was disestablished on 2 May 1958.

3, it was disestablished on 2 May 18.

Final

 Final answer: 15",False,
5ac3a76e554299741d48a2be,Qwen2.5-7B-Instruct,hotpotqa,"Who released the song ""With or Without You"" first, Jai McDowall or U2?",U2,U2,- The release date is 13 November 1987.,"Let's break this down step by step:

1. First, we need to identify when U2 released ""With or Without You"":
   - The paragraph states: ""With or Without You"" is a song by Irish rock band U2. It is the third track from their fifth studio album, ""The Joshua Tree"" (1987), and was released as the album's lead single on 16 March 1987.

2. Next, we need to identify when Jai McDowall released ""With or Without You"":
   - The paragraph states: A promotional single, ""With or Without You"" was released and performed on various UK shows such as ""Daybreak"".
   - However, this does not provide a specific release date.

3. Comparing the two:
   - U2 released ""With or Without You"" on 16 March 1987.
   - Jai McDowall's release is only mentioned as a promotional single, without a specific date.

4. Conclusion:
   - Since we have a specific release date for U2 and no specific date for Jai McDowall, we can conclude that U2 released ""With or Without You"" first.

Final answer: U2","Let's review the steps carefully:

1. **Identify U2's release date:**
   - The paragraph states: ""With or Without You"" is a song by the Irish rock band U2. It was released as a single on 13 November 1987.
   - The release date is 13 November 1987.",False,
5a8c7ced5542995e66a4761c,Qwen2.5-7B-Instruct,hotpotqa,Josh Trank and Mike Valerio both work in what industry?,entertainment,entertainment,entertainment industry,"Step 1: Identify Josh Trank's profession from the given information.
- Josh Trank is described as an ""American film director, screenwriter, and editor.""

Step 2: Identify Mike Valerio's profession from the given information.
- Mike Valerio is described as ""an award-winning writer, producer, director, and executive in the entertainment industry for over 20 years.""

Step 3: Determine the common industry.
- Both Josh Trank and Mike Valerio are involved in the entertainment industry, specifically in film and television.

Final answer: entertainment","Step 1: Identify Josh Trank's profession from the given information.
- Josh Trank is described as an ""American film director, screenwriter, and editor.""

Step 2: Identify Mike Valerio's profession from the given information.
- Mike Valerio is described as ""an award-winning writer, producer, director, and executive in the entertainment industry for over 20 years.""

Step 3: Determine the common industry.
- Both Josh Trank and Mike Valerio are involved in the entertainment industry, specifically in film and television.

Final answer: entertainment industry",True,
5a72f74a55429901807daf59,Qwen2.5-7B-Instruct,hotpotqa,"Which American comedian born on March 21, 1962, appeared in the movie ""Sleepless in Seattle?""",Rosie O'Donnell,Rosie O'Donnell,"No comedian born on March 21, 1962, is mentioned as appearing in ""Sleepless in Seattle"" in the given paragraphs.","Let's approach this step-by-step:

1. We need to find an American comedian born on March 21, 1962, who appeared in ""Sleepless in Seattle.""

2. First, let's look for comedians born on March 21, 1962:
   - Rosie O'Donnell was born on March 21, 1962, and is an American comedian.

3. Now, let's check if Rosie O'Donnell appeared in ""Sleepless in Seattle"":
   - The paragraph about Rosie O'Donnell mentions that she starred in ""Sleepless in Seattle.""

4. Confirming the information:
   - The paragraph about ""Sleepless in Seattle"" lists Rosie O'Donnell as part of the supporting cast.

5. Cross-checking:
   - No other comedian in the given paragraphs matches both criteria (American, born on March 21, 1962, and appeared in ""Sleepless in Seattle"").

Final answer: Rosie O'Donnell","Let's review the steps carefully:

1. We need to find an American comedian born on March 21, 1962, who appeared in ""Sleepless in Seattle.""

2. First, let's look for comedians born on March 21, 1962:
   - Rosie O'Donnell was born on March 21, 1962, and is an American comedian.

3. Now, let's check if Rosie O'Donnell appeared in ""Sleepless in Seattle"":
   - The paragraph about ""Sleepless in Seattle"" lists Rosie O'Donnell as part of the supporting cast.

4. Confirming the information:
   - The paragraph about Rosie O'Donnell does not mention her appearing in ""Sleepless in Seattle.""

5. Cross-checking:
   - No other comedian in the given paragraphs matches both criteria (American, born on March 21, 1962, and appeared in ""Sleepless in Seattle"").

After careful review, I find an error in step 3. The paragraph about ""Sleepless in Seattle"" does not explicitly mention Rosie O'Donnell appearing in the film. Therefore, the correct answer cannot be Rosie O'Donnell based on the given information.

Final answer: No comedian born on March 21, 1962, is mentioned as appearing in ""Sleepless in Seattle"" in the given paragraphs.",False,
5ab2b630554299545a2cfa17,Qwen2.5-7B-Instruct,hotpotqa,Are the films Gasland from 2010 and Pumping Iron from 1977 both documentaries?,yes,Yes,No,"Let's break this down step by step:

1. **Gasland (2010)**: The paragraph states, ""Gasland is a 2010 American documentary written and directed by Josh Fox."" This confirms that Gasland is a documentary.

2. **Pumping Iron (1977)**: The paragraph mentions, ""Pumping Iron is a 1977 docudrama about the world of professional bodybuilding."" This confirms that Pumping Iron is a documentary, specifically a docudrama.

3. **Conclusion**: Both films are documentaries.

Final answer: Yes","Let's review the steps carefully:

1. **Gasland (2010)**: The paragraph states, ""Gasland is a 2010 American documentary written and directed by Josh Fox."" This confirms that Gasland is a documentary.

2. **Pumping Iron (1977)**: The paragraph mentions, ""Pumping Iron is a 1977 docudrama about the world of professional bodybuilding."" This confirms that Pumping Iron is a docudrama, not a documentary.

3. **Conclusion**: Both films are not both documentaries. Pumping Iron is a docudrama, while Gasland is a documentary.

Final answer: No",False,
5a7b85ac5542997c3ec971ef,Qwen2.5-7B-Instruct,hotpotqa,Milo Parker starred in which 2014 movie alongside Gillian Anderson?,Robot Overlords,Robot Overlords,Mr. Holmes,"Step 1: Identify the relevant information about Milo Parker from the given paragraphs.
- Milo Parker is a British child actor.
- He is known for roles in ""Robot Overlords"", ""Mr. Holmes"", and ""Miss Peregrine's Home for Peculiar Children"".

Step 2: Find the information about the 2014 movie he starred in alongside Gillian Anderson.
- ""Robot Overlords"" is a 2014 British independent science fiction film.
- Gillian Anderson stars in ""Robot Overlords"".

Step 3: Confirm that this is the correct movie by checking if any other 2014 movie with Milo Parker and Gillian Anderson is mentioned.
- No other 2014 movie with both names is mentioned.

Final answer: Robot Overlords","Step 1: Identify the relevant information about Milo Parker from the given paragraphs.
- Milo Parker is a British child actor.
- He is known for roles in ""Robot Overlords"", ""Mr. Holmes"", and ""Miss Peregrine's Home for Peculiar Children"".

Step 2: Find the information about the 2014 movie he starred in alongside Gillian Anderson.
- ""Robot Overlords"" is a 2014 British independent science fiction film.
- Gillian Anderson stars in ""Robot Overlords"".
- However, the paragraph does not mention Milo Parker starring in ""Robot Overlords"".

Step 3: Confirm that this is the correct movie by checking if any other 2014 movie with Milo Parker and Gillian Anderson is mentioned.
- No other 2014 movie with both names is mentioned.

Step 4: Re-evaluate the information about Milo Parker's roles.
- ""Mr. Holmes"" is a 2015 British–American crime drama mystery film.
- Milo Parker stars as Roger Munro in ""Mr. Holmes"".
- Gillian Anderson also stars in ""Mr. Holmes"".

Final answer: Mr. Holmes",False,
5ab5c263554299488d4d9a18,Qwen2.5-7B-Instruct,hotpotqa,Which country refrained from participating in the 1991 Baltic Cup though it had participated in previous Baltic Cup competitions?,Belarus,Belarus,No,"Step 1: Identify the countries that usually participate in the Baltic Cup.
The Baltic states that usually participate are Estonia, Latvia, and Lithuania.

Step 2: Find information about the 1991 Baltic Cup.
The 1991 Baltic Cup was held in November 1991 in Klaipėda, Lithuania.

Step 3: Check if Belarus participated in the 1991 Baltic Cup.
Belarus is mentioned as a participant in some Baltic Cup competitions during the Soviet era, but there's no mention of Belarus participating in the 1991 Baltic Cup.

Step 4: Look for any indication that a country did not participate.
The information states that the FIFA did not recognize the matches at the 1991 Baltic Cup as official games, implying that the competition might have been informal or not fully recognized by FIFA.

Step 5: Determine which country is most likely to have refrained from participating.
Given that the 1991 Baltic Cup was the first competition after regaining independence, and considering the context of the Soviet era and the independence of the Baltic states, Belarus is the most likely country to have refrained from participating, as it is not mentioned as a participant in the 1991 competition.

Final answer: Belarus","Step 1: Identify the countries that usually participate in the Baltic Cup.
The Baltic states that usually participate are Estonia, Latvia, and Lithuania.

Step 2: Find information about the 1991 Baltic Cup.
The 1991 Baltic Cup was held in November 1991 in Klaipėda, Lithuania.

Step 3: Check if Belarus participated in the 1991 Baltic Cup.
Belarus is mentioned as a participant in some Baltic Cup competitions during the Soviet era, but there's no mention of Belarus participating in the 1991 Baltic Cup.

Step 4: Look for any indication that a country did not participate.
The information states that the FIFA did not recognize the matches at the 1991 Baltic Cup as official games, implying that the competition might have been informal or not fully recognized by FIFA.

Step 5: Determine which country is most likely to have refrained from participating.
Given that the 1991 Baltic Cup was the first competition after regaining independence, and considering the context of the Soviet era and the independence of the Baltic states, Belarus is the most likely country to have refrained from participating, as it is not mentioned as a participant in the 1991 competition.

Upon re-evaluation, the information provided does not explicitly state that Belarus refrained from participating. The absence of Belarus in the 1991 Baltic Cup is noted, but it is not stated as a reason for non-participation. Therefore, the conclusion that Belarus refrained from participating is an assumption based on the context rather than a direct statement from the provided information.

Final answer: No",False,
5a7a51b95542990783324f0f,Qwen2.5-7B-Instruct,hotpotqa,"Who was born first, Liam Cunningham or Michael Fassbender?",Liam Cunningham,Liam Cunningham,Michael Fassbender,"Step 1: Identify the birth dates of Liam Cunningham and Michael Fassbender.
- Liam Cunningham was born on 2 June 1961.
- Michael Fassbender was born on 2 April 1977.

Step 2: Compare the birth dates to determine who was born first.
- 2 June 1961 is earlier than 2 April 1977.

Final answer: Liam Cunningham","Step 1: Identify the birth dates of Liam Cunningham and Michael Fassbender.
- Liam Cunningham was born on 2 June 1961.
- Michael Fassbender was born on 2 April 1977.

Step 2: Compare the birth dates to determine who was born first.
- 2 April 1977 is earlier than 2 June 1961.

Final answer: Michael Fassbender",False,
5ab3a83d5542992ade7c6e08,Qwen2.5-7B-Instruct,hotpotqa,Faith Goldy got fired after an interview she gave on what production site edited by Andrew Anglin?,The Daily Stormer,The Daily Stormer,The Rebel Media,"Step 1: Identify the key elements of the question.
- Faith Goldy was fired.
- The firing was related to an interview.
- The interview was given on a production site edited by Andrew Anglin.

Step 2: Locate the relevant information in the provided paragraphs.
- Faith Goldy was fired from The Rebel Media on August 17, 2017.
- The Rebel Media is described as a white supremacist site.
- Andrew Anglin is mentioned as the editor of The Daily Stormer, which is described as a neo-Nazi and white supremacist news and commentary website.

Step 3: Connect the information.
- Faith Goldy gave an interview on ""The Krypto Report"", a podcast produced by The Daily Stormer.
- The Daily Stormer is edited by Andrew Anglin.

Final answer: The Daily Stormer","Step 1: Identify the key elements of the question.
- Faith Goldy was fired.
- The firing was related to an interview.
- The interview was given on a production site edited by Andrew Anglin.

Step 2: Locate the relevant information in the provided paragraphs.
- Faith Goldy was fired from The Rebel Media on August 17, 2017.
- The Rebel Media is described as a right-wing media outlet that featured Faith Goldy's program ""On The Hunt with Faith Goldy"".
- Andrew Anglin is mentioned as the editor of The Daily Stormer, which is described as a neo-Nazi and white supremacist news and commentary website.

Step 3: Connect the information.
- Faith Goldy gave an interview on ""The Krypto Report"", a podcast produced by The Rebel Media.
- The Rebel Media is edited by Andrew Anglin.

Final answer: The Rebel Media",False,
5abd0296554299114383a1d1,Qwen2.5-7B-Instruct,hotpotqa,Douglas D. Scott is an American archaeologist most notable for his work at the site of a battle that occurred in what year?,1876,1876,The provided information does not specify the year of the battle.,"Step 1: Identify the key information in the question.
The question asks about Douglas D. Scott's notable work at a battle site and the year of the battle.

Step 2: Locate relevant information in the provided paragraphs.
The paragraph about Douglas D. Scott mentions his work at the Little Bighorn.

Step 3: Extract the specific year from the information.
The paragraph states: ""Douglas D. Scott is an American archaeologist most notable for his work at the Little Bighorn in the mid-1980s. Working with Richard Fox, Melissa Connor, Doug Harmon, and staff and volunteers from the National Park Service, Scott worked to sketch out a field methodology that has enabled archaeologists to systematically investigate battlefields. This work is internationally recognized as constituting a great step forward in our ability to interpret battlefields archaeologically, regardless of the extent of the historical record. At the Little Bighorn, the fieldwork produced an interpretation of the battle that for the first time gave a clear understanding of the way the battle developed and pointed out some of the glaring inaccuracies of the historiography of the event. The fieldwork also helped determine which of the 242 headstones to the 210 U.S. soldiers lost at the Little Bighorn were erroneous, and recovered skeletal elements allowed one of the soldiers to be positively identified. It was not as successful in recovering the remains of 24 men lost in Deep Ravine and whose whereabouts are unknown to this day.""

Step 4: Identify the year of the battle.
The Little Bighorn Battle occurred on June 25 and 26, 1876.

Final answer: 1876","Step 1: Identify the key information in the question.
The question asks about Douglas D. Scott's notable work at a battle site and the year of the battle.

Step 2: Locate relevant information in the provided paragraphs.
The paragraph about Douglas D. Scott mentions his work at the Little Bighorn.

Step 3: Extract the specific year from the information.
The paragraph states: ""Douglas D. Scott is an American archaeologist most notable for his work at the Little Bighorn in the mid-1980s. Working with Richard Fox, Melissa Connor, Doug Harmon, and staff and volunteers from the National Park Service, Scott worked to sketch out a field methodology that has enabled archaeologists to systematically investigate battlefields. This work is internationally recognized as constituting a great step forward in our ability to interpret battlefields archaeologically, regardless of the extent of the historical record. At the Little Bighorn, the fieldwork produced an interpretation of the battle that for the first time gave a clear understanding of the way the battle developed and pointed out some of the glaring inaccuracies of the historiography of the event. The fieldwork also helped determine which of the 242 headstones to the 210 U.S. soldiers lost at the Little Bighorn were erroneous, and recovered skeletal elements allowed one of the soldiers to be positively identified. It was not as successful in recovering the remains of 24 men lost in Deep Ravine and whose whereabouts are unknown to this day.""

Step 4: Identify the year of the battle.
The paragraph does not provide the year of the battle. It only mentions that Scott's work was in the mid-1980s, which refers to the time of his fieldwork, not the battle itself.

Final answer: The provided information does not specify the year of the battle.",False,
5ae4d0ff55429913cc204511,Qwen2.5-7B-Instruct,hotpotqa,Did Billy Corgan's band The Smashing Pumpkins or Greek Fire originate in a more southern location?,Greek Fire,Greek Fire,The Smashing Pumpkins,"Let's break this down step by step:

1. The Smashing Pumpkins:
   - Formed in Chicago, Illinois in 1988.
   - Chicago is located in the northern part of the United States.

2. Greek Fire:
   - Formed in St. Louis, Missouri.
   - St. Louis is located in the central part of the United States, not as far south as the southernmost states.

3. Comparing locations:
   - Chicago is further north than St. Louis.
   - St. Louis is not as far south as the southernmost states in the U.S.

4. Conclusion:
   Greek Fire, formed in St. Louis, is in a less southern location compared to The Smashing Pumpkins, which formed in Chicago.

Final answer: Greek Fire","Let's review each step carefully:

1. The Smashing Pumpkins:
   - Formed in Chicago, Illinois in 1988.
   - Chicago is located in the northern part of the United States.

2. Greek Fire:
   - Formed in St. Louis, Missouri.
   - St. Louis is located in the central part of the United States, not as far south as the southernmost states.

3. Comparing locations:
   - Chicago is further north than St. Louis.
   - St. Louis is not as far south as the southernmost states in the U.S.

4. Conclusion:
   Greek Fire, formed in St. Louis, is in a less southern location compared to The Smashing Pumpkins, which formed in Chicago.

Final answer: The Smashing Pumpkins",False,
5ae3c71f5542991a06ce9a22,Qwen2.5-7B-Instruct,hotpotqa,"Predelta National Park is located in which area of Argentina comprising of the provinces Misiones, Entre Ríos and Corrientes?",Mesopotamia,Mesopotamia,Entre Ríos,"Let's approach this step-by-step:

1. The question asks about Predelta National Park and its location in relation to the provinces Misiones, Entre Ríos, and Corrientes.

2. From the information provided, we know that Predelta National Park is located in Entre Ríos province: ""The Predelta National Park (Spanish: ""Parque Nacional Predelta"" ) is a national park of Argentina, located in south-west of the province of Entre Ríos...""

3. However, the question also mentions that Predelta National Park is part of the Mesopotamia region, which includes Misiones, Entre Ríos, and Corrientes: ""La Mesopotamia or Región Mesopotámica is the humid and verdant area of north-east Argentina, comprising the provinces of Misiones, Entre Ríos and Corrientes.""

4. This means that while Predelta National Park is specifically in Entre Ríos, it is part of a larger region that includes Misiones and Corrientes.

5. The question asks for the area comprising these provinces, which would be the Mesopotamia region.

Final answer: Mesopotamia","Let's review the steps carefully:

1. The question asks about Predelta National Park and its location in relation to the provinces Misiones, Entre Ríos, and Corrientes.

2. From the information provided, Predelta National Park is specifically located in Entre Ríos: ""The Predelta National Park (Spanish: ""Parque Nacional Predelta"" ) is a national park of Argentina, located in south-west of the province of Entre Ríos...""

3. The Mesopotamia region is mentioned as including Misiones, Entre Ríos, and Corrientes: ""La Mesopotamia or Región Mesopotámica is the humid and verdant area of north-east Argentina, comprising the provinces of Misiones, Entre Ríos and Corrientes.""

4. The question is asking for the area comprising these provinces, which would be the Mesopotamia region.

5. However, the specific location of Predelta National Park is in Entre Ríos, not in the Mesopotamia region as a whole.

Final answer: Entre Ríos",False,
5ae32e125542991a06ce9946,Qwen2.5-7B-Instruct,hotpotqa,"According to the 2001 census, what was the population of the city in which Kirton End is located?","35,124","35,124","35,124 (This is the population of Boston, not Kirton End)","Step 1: Identify the relevant information about Kirton End.
Kirton End is a hamlet in the civil parish of Kirton in the Boston district of Lincolnshire, England.

Step 2: Find the population data for Kirton.
According to the 2011 census, Kirton had a population of 1,146.

Step 3: Determine if there is any population data for the town of Boston, which Kirton End is located in.
The passage states that the town of Boston had a population of 35,124 at the 2001 census.

Final answer: 35,124","Step 1: Identify the relevant information about Kirton End.
Kirton End is a hamlet in the civil parish of Kirton in the Boston district of Lincolnshire, England.

Step 2: Find the population data for Kirton.
According to the 2011 census, Kirton had a population of 1,146.

Step 3: Determine if there is any population data for the town of Boston, which Kirton End is located in.
The passage states that the town of Boston had a population of 35,124 at the 2001 census.

Upon review, the population data for Kirton End is not provided in the 2001 census, and the population data for Boston is from the 2001 census, not the 2001 census for Kirton End. The correct population data for the town of Boston is used, but it does not answer the specific question about Kirton End.

Final answer: 35,124 (This is the population of Boston, not Kirton End)",True,
5a7c6b6655429935c91b519a,Qwen2.5-7B-Instruct,hotpotqa,Richford is a town in Franklin County Vermont governed by what kind of body?,town meeting legislative body,a town meeting legislative body,<no error found>,"Step 1: Identify the relevant information about Richford's governance.
The paragraph about Richford, Vermont, states: ""New England towns are often governed by a town meeting legislative body.""

Step 2: Confirm that Richford fits the description of a New England town.
The paragraph about New England towns describes them as ""the basic unit of local government and local division of state authority in each of the six New England states"" and mentions that they are ""often governed by a town meeting legislative body.""

Step 3: Conclude based on the information provided.
Since Richford is a town in Franklin County, Vermont, and Vermont is one of the six New England states, Richford would follow the governance model described for New England towns.

Final answer: a town meeting legislative body","Step 1: Identify the relevant information about Richford's governance.
The paragraph about Richford, Vermont, does not explicitly state the type of governing body.

Step 2: Confirm that Richford fits the description of a New England town.
The paragraph about New England towns describes them as ""the basic unit of local government and local division of state authority in each of the six New England states"" and mentions that they are ""often governed by a town meeting legislative body.""

Step 3: Conclude based on the information provided.
Since the paragraph about Richford, Vermont, does not specify the type of governing body, we cannot definitively state that Richford is governed by a town meeting legislative body based solely on the information given.

Final answer: <no error found>",False,
5ae81b895542997ec272770c,Qwen2.5-7B-Instruct,hotpotqa,The maternal grandmother of Princess Marie Cécile of Prussia was born in which year ?,1876,1876,No specific birth year can be determined from the given information.,"Let's break this down step by step:

1. We need to identify Princess Marie Cécile of Prussia's maternal grandmother.
2. From the first paragraph, we learn that Princess Marie Cécile of Prussia's mother is Grand Duchess Kira Kirillovna of Russia.
3. The paragraph about Grand Duchess Kira Kirillovna of Russia does not provide her birth year directly.
4. However, we can infer that her mother must be the maternal grandmother of Princess Marie Cécile of Prussia.
5. The paragraph about Grand Duchess Kira Kirillovna of Russia mentions her parents: Cyril Vladimirovich, Grand Duke of Russia, and Princess Victoria Melita of Saxe-Coburg and Gotha.
6. We need to find information about Princess Victoria Melita of Saxe-Coburg and Gotha.
7. From the paragraph about Princess Victoria Melita of Saxe-Coburg and Gotha, we learn that she was born on 25 November 1876.

Therefore, the maternal grandmother of Princess Marie Cécile of Prussia was born in 1876.

Final answer: 1876","Let's review each step carefully:

1. We need to identify Princess Marie Cécile of Prussia's maternal grandmother.
2. From the first paragraph, we learn that Princess Marie Cécile of Prussia's mother is Grand Duchess Kira Kirillovna of Russia.
3. The paragraph about Grand Duchess Kira Kirillovna of Russia does not provide her birth year directly.
4. However, we can infer that her mother must be the maternal grandmother of Princess Marie Cécile of Prussia.
5. The paragraph about Grand Duchess Kira Kirillovna of Russia mentions her parents: Cyril Vladimirovich, Grand Duke of Russia, and Princess Victoria Melita of Saxe-Coburg and Gotha.
6. We need to find information about Princess Victoria Melita of Saxe-Coburg and Gotha.
7. From the paragraph about Princess Victoria Melita of Saxe-Coburg and Gotha, we learn that she was born on 25 November 1876.

Upon re-evaluation, the information provided in the paragraph about Princess Victoria Melita of Saxe-Coburg and Gotha is correct, and it directly states her birth date. However, the question specifically asks for the birth year of her mother, not Princess Victoria Melita herself.

Since the paragraph does not provide the birth year of Princess Victoria Melita's mother, we cannot determine the maternal grandmother's birth year from the given information.

Final answer: No specific birth year can be determined from the given information.",False,
5abf16965542993fe9a41dd3,Qwen2.5-7B-Instruct,hotpotqa,"Hamilton Evans ""Tony"" James is the COO and director of the largest alternative investment firm in what?",the world,the world,Blackstone,"Let's approach this step-by-step:

1. We need to identify which firm Hamilton Evans ""Tony"" James is associated with.
2. From the paragraph about Hamilton E. James, we learn that he is the COO and director of Blackstone.
3. We then need to determine if Blackstone is the largest alternative investment firm.
4. The paragraph about The Blackstone Group states that it is ""the largest alternative investment firm in the world.""

Therefore, Hamilton Evans ""Tony"" James is the COO and director of the largest alternative investment firm in the world.

Final answer: the world","Let's review the steps carefully:

1. Hamilton Evans ""Tony"" James is the COO and director of Blackstone.
2. The Blackstone Group is described as ""the largest alternative investment firm in the world.""

The information provided is correct, but the question asks specifically about the firm Blackstone, not the world in general. The correct answer should focus on Blackstone.

Final answer: Blackstone",False,
5ae5db98554299546bf82fa6,Qwen2.5-7B-Instruct,hotpotqa,"Shane and Friends have interviewed an American YouTube personality who has two active YouTube channels, which have a combined total of how many views?",1.7 billion,1.7 billion,more than 1.7 billion,"Step 1: Identify the American YouTube personality with two active YouTube channels.
The personality described is Joey Graceffa, as mentioned in the last paragraph.

Step 2: Confirm the combined total views for Joey Graceffa's two active YouTube channels.
The paragraph states that Joey Graceffa's two active YouTube channels have a combined total of more than 1.7 billion views.

Step 3: Formulate the answer based on the information gathered.
Final answer: 1.7 billion","Step 1: Identify the American YouTube personality with two active YouTube channels.
The personality described is Joey Graceffa, as mentioned in the last paragraph.

Step 2: Confirm the combined total views for Joey Graceffa's two active YouTube channels.
The paragraph states that Joey Graceffa's two active YouTube channels have a combined total of more than 1.7 billion views.

Step 3: Formulate the answer based on the information gathered.
The exact number of views is stated as ""more than 1.7 billion,"" not just 1.7 billion.

Final answer: more than 1.7 billion",True,
5a7a33205542996a35c1712f,Qwen2.5-7B-Instruct,hotpotqa,"Out of two American colonies that had a series of skirmishes and raids between 1701 and 1765 at the disputed border, which British proprietary colony became a royal colony on the northeast coast of North America?",Province of New York,Province of New York,Province of New Jersey,"Let's break this down step by step:

1. The question asks about two American colonies with a series of skirmishes and raids between 1701 and 1765 at the disputed border. This refers to the New York – New Jersey Line War.

2. The New York – New Jersey Line War involved the Province of New York and the Province of New Jersey.

3. We need to identify which of these became a royal colony on the northeast coast of North America.

4. From the information provided:
   - The Province of New Jersey became a royal colony in 1702.
   - The Province of New York was a British proprietary colony that became a royal colony in 1702.

5. Both colonies are on the northeast coast of North America, but the question asks for the one that became a royal colony.

6. The Province of New York is explicitly stated to have become a royal colony in 1702.

Therefore, the answer is:

Final answer: Province of New York","Let's review the steps carefully:

1. The question asks about two American colonies with a series of skirmishes and raids between 1701 and 1765 at the disputed border. This refers to the New York – New Jersey Line War.

2. The New York – New Jersey Line War involved the Province of New York and the Province of New Jersey.

3. We need to identify which of these became a royal colony on the northeast coast of North America.

4. From the information provided:
   - The Province of New Jersey became a royal colony in 1702.
   - The Province of New York was a British proprietary colony that became a royal colony in 1702.

5. Both colonies are on the northeast coast of North America, but the question asks for the one that became a royal colony.

6. The Province of New Jersey is explicitly stated to have become a royal colony in 1702.

Therefore, the correct answer is:

Final answer: Province of New Jersey",False,
5ade15f35542997545bbbe47,Qwen2.5-7B-Instruct,hotpotqa,Katherine Waterston and Chrisann Brennan has what in common?,Steve Jobs,Steve Jobs,their connection to Steve Jobs,"Step 1: Identify the key individuals in the question.
- Katherine Waterston
- Chrisann Brennan

Step 2: Find information about each individual.
- Katherine Waterston is an American actress.
- Chrisann Brennan is an American painter and writer who wrote about her relationship with Steve Jobs.

Step 3: Look for connections between the two individuals.
- Both are mentioned in the context of their relationship with Steve Jobs.
- Chrisann Brennan is Steve Jobs' high school girlfriend and the mother of his first child, Lisa Brennan-Jobs.
- Katherine Waterston portrayed Chrisann Brennan in the film ""Steve Jobs.""

Step 4: Determine the commonality.
- The commonality between Katherine Waterston and Chrisann Brennan is their connection to Steve Jobs.

Final answer: Steve Jobs","Step 1: Identify the key individuals in the question.
- Katherine Waterston
- Chrisann Brennan

Step 2: Find information about each individual.
- Katherine Waterston is an American actress.
- Chrisann Brennan is an American painter and writer who wrote about her relationship with Steve Jobs.

Step 3: Look for connections between the two individuals.
- Both are mentioned in the context of their relationship with Steve Jobs.
- Chrisann Brennan is Steve Jobs' high school girlfriend and the mother of his first child, Lisa Brennan-Jobs.
- Katherine Waterston portrayed Chrisann Brennan in the film ""Steve Jobs.""

Step 4: Determine the commonality.
- The commonality between Katherine Waterston and Chrisann Brennan is their connection to Steve Jobs.

Final answer: their connection to Steve Jobs",True,
5a7e5ec25542991319bc947a,Qwen2.5-7B-Instruct,hotpotqa,"Which tennis player is younger, John Newcombe or Květa Peschke?",Květa Peschke,Květa Peschke,John Newcombe,"Let's break this down step by step:

1. First, we need to find the birth dates of both players:
   - John Newcombe: Born on 23 May 1944
   - Květa Peschke: Born on 9 July 1975

2. Now, we compare the birth dates:
   - John Newcombe was born in 1944
   - Květa Peschke was born in 1975

3. Since 1944 is earlier than 1975, John Newcombe is younger than Květa Peschke.

4. However, the question asks which player is younger, so we need to reverse our conclusion.

Final answer: Květa Peschke","Let's review the steps carefully:

1. John Newcombe: Born on 23 May 1944
2. Květa Peschke: Born on 9 July 1975
3. Comparing the birth dates:
   - 1944 is earlier than 1975, so John Newcombe is older than Květa Peschke.

The conclusion in the previous answer was incorrect. John Newcombe is older than Květa Peschke, so Květa Peschke is not younger.

Final answer: John Newcombe",False,
5a7dbc175542995ed0d1666b,Qwen2.5-7B-Instruct,hotpotqa,What russian Marxist revolutionary born in 1875 was part of the Vpered organization?,Anatoly Vasilyevich Lunacharsky,Anatoly Vasilyevich Lunacharsky,No,"Let's approach this step-by-step:

1. We need to find a Russian Marxist revolutionary born in 1875 who was part of the Vpered organization.

2. Looking through the list, we find one person born in 1875:
   Anatoly Vasilyevich Lunacharsky, born on 23 November 1875.

3. Now, we need to check if he was part of the Vpered organization:
   The paragraph about Vpered mentions several people, including Anatoly Lunacharsky.

4. We can confirm that Anatoly Lunacharsky was indeed a member of the Vpered organization.

Therefore, the answer is:

Final answer: Anatoly Vasilyevich Lunacharsky","Let's review the steps carefully:

1. We need to find a Russian Marxist revolutionary born in 1875 who was part of the Vpered organization.
2. Looking through the list, we find one person born in 1875:
   Anatoly Vasilyevich Lunacharsky, born on 23 November 1875.
3. Now, we need to check if he was part of the Vpered organization:
   The paragraph about Vpered mentions several people, including Anatoly Lunacharsky.

Upon re-evaluation, I realize that while Anatoly Lunacharsky was indeed a Russian Marxist revolutionary and was born in 1875, the information provided does not explicitly state that he was a member of the Vpered organization. The Vpered organization is mentioned in a separate paragraph, and while several people are listed as members, Anatoly Lunacharsky is not among them.

Therefore, the correct answer based on the given information is that there is no explicit evidence that Anatoly Lunacharsky was part of the Vpered organization.

Final answer: No",False,
