Method,tau*,Acc,% revised,W->R,R->W,Mean Prompt,Mean Comp,p vs Never,p vs Always
Never,--,58.8,0.0,0,0,1510,149,--,0.006
Always,--,55.0,100.0,6,21,3223,301,0.006,--
Majority vote,--,60.0,11.5,13,8,16611,1726,0.383,0.002
IoE,--,57.3,6.5,1,7,3214,222,0.070,0.108
Gate verb,0.000,58.8,0.0,0,0,3207,152,1.00,0.006
Gate verb (hindsight)*,0.000,58.8,0.0,0,0,3207,152,1.00,0.006
Gate sc10,0.100,58.8,4.8,0,0,16701,1736,1.00,0.006
Gate sc10 (hindsight)*,0.200,59.5,9.0,3,0,16701,1736,0.250,2.8e-04
Gate verif,0.000,58.8,0.0,0,0,3004,150,1.00,0.006
Gate verif (hindsight)*,0.000,58.8,0.0,0,0,3004,150,1.00,0.006
Gate avg,0.425,58.8,2.3,0,0,18351,1734,1.00,0.006
Gate avg (hindsight)*,0.575,59.5,10.5,3,0,18351,1734,0.250,2.8e-04
Oracle,--,60.3,41.3,6,0,2227,214,0.031,9.5e-07
